screen_id,usual_brand,menthol,is_100,strength
J-A131,1839 Full Flavor 100s,nonmenthol,1,regular
K-A004,1839 Full Flavor 100s,nonmenthol,1,regular
J-A233,1st Class Green Menthol 100s,menthol,1,regular
K-A012,1st Class Green Menthol 100s,menthol,1,regular
L-B188,1st Class Green Menthol 100s,menthol,1,regular
L-A348,1st Class Menthol Regular,menthol,0,regular
L-B024,1st Class Red 100s,nonmenthol,1,regular
K-A205,1st Class Red 100s ,nonmenthol,1,regular
K-C022,Ace Menthol 94 100s,menthol,1,light
J-A005,All Natural Native Regular,nonmenthol,0,regular
J-A115,All Natural Native Regular,nonmenthol,0,regular
J-A286,American Blend Menthol 100s,menthol,1,regular
L-A488,American Blend Menthol Regular,menthol,0,regular
L-A203,American Spirit,nonmenthol,,
J-A028,American Spirit Black Regular,nonmenthol,0,bold
J-A240,American Spirit Black Regular,nonmenthol,0,bold
K-A265,American Spirit Black Regular,nonmenthol,0,bold
L-A437,American Spirit Black Regular,nonmenthol,0,bold
J-A089,American Spirit Blue Regular,nonmenthol,0,regular
J-A291,American Spirit Blue Regular,nonmenthol,0,regular
L-A039,American Spirit Blue Regular,nonmenthol,0,regular
L-A147,American Spirit Blue Regular,nonmenthol,0,regular
L-A158,American Spirit Blue Regular,nonmenthol,0,regular
L-A274,American Spirit Blue Regular,nonmenthol,0,regular
L-A288,American Spirit Blue Regular,nonmenthol,0,regular
L-A309,American Spirit Blue Regular,nonmenthol,0,regular
L-A449,American Spirit Blue Regular,nonmenthol,0,regular
L-B102,American Spirit Blue Regular,nonmenthol,0,regular
J-C037,American Spirit Blue Regular,nonmenthol,0,regular
L-A492,American Spirit Celadon Regular,nonmenthol,0,regular
K-A154,American Spirit Dark Green Menthol Regular,menthol,0,regular
L-A383,American Spirit Dark Green Menthol Regular,menthol,0,regular
L-A462,American Spirit Dark Green Menthol Regular,menthol,0,regular
J-C158,American Spirit Dark Green Menthol Regular,menthol,0,regular
J-A247,American Spirit Gold Regular,nonmenthol,0,light
L-A529,American Spirit Gold Regular,nonmenthol,0,light
J-A287,American Spirit Green Menthol Regular,menthol,0,regular
K-A189,American Spirit Green Menthol Regular,menthol,0,regular
J-A172,American Spirit Turquoise Regular,nonmenthol,0,regular
L-A009,American Spirit Turquoise Regular,nonmenthol,0,regular
L-A069,American Spirit Turquoise Regular,nonmenthol,0,regular
L-A120,American Spirit Turquoise Regular,nonmenthol,0,regular
L-A189,American Spirit Turquoise Regular,nonmenthol,0,regular
L-A340,American Spirit Turquoise Regular,nonmenthol,0,regular
L-A366,American Spirit Turquoise Regular,nonmenthol,0,regular
J-A063,American Spirit Yellow Regular,nonmenthol,0,light
J-A146,American Spirit Yellow Regular,nonmenthol,0,light
L-A109,American Spirit Yellow Regular,nonmenthol,0,light
L-A474,American Spirit Yellow Regular,nonmenthol,0,light
J-C044,American Spirit Yellow Regular,nonmenthol,0,light
L-A229,American Spirit Yellow White Regular,nonmenthol,0,light
L-B064,American Spirits,nonmenthol,,
L-B164,American Spirits,nonmenthol,,
K-A194,Bronco Menthol Regular,menthol,0,regular
K-A024,Camel 99s,nonmenthol,1,regular
K-A027,Camel 99s,nonmenthol,1,regular
K-A111,Camel 99s,nonmenthol,1,regular
L-A218,Camel Blue 99s,nonmenthol,1,light
J-A024,Camel Blue Regular,nonmenthol,0,light
J-A051,Camel Blue Regular,nonmenthol,0,light
J-A074,Camel Blue Regular,nonmenthol,0,light
J-A109,Camel Blue Regular,nonmenthol,0,light
J-A273,Camel Blue Regular,nonmenthol,0,light
K-A104,Camel Blue Regular,nonmenthol,0,light
K-A114,Camel Blue Regular,nonmenthol,0,light
K-A125,Camel Blue Regular,nonmenthol,0,light
L-A055,Camel Blue Regular,nonmenthol,0,light
L-A176,Camel Blue Regular,nonmenthol,0,light
L-A286,Camel Blue Regular,nonmenthol,0,light
L-A360,Camel Blue Regular,nonmenthol,0,light
L-A514,Camel Blue Regular,nonmenthol,0,light
J-C012,Camel Blue Regular,nonmenthol,0,light
J-C014,Camel Blue Regular,nonmenthol,0,light
J-C015,Camel Blue Regular,nonmenthol,0,light
J-C109,Camel Blue Regular,nonmenthol,0,light
L-B169,Camel Crush Black Regular,NA,0,light
L-A261,Camel Crush Blue Regular,NA,0,light
J-A217,Camel Crush Menthol Regular,menthol,0,regular
K-A123,Camel Crush Menthol Regular,menthol,0,regular
K-A134,Camel Crush Menthol Regular,menthol,0,regular
K-A196,Camel Crush Menthol Regular,menthol,0,regular
K-A224,Camel Crush Menthol Regular,menthol,0,regular
L-A248,Camel Crush Menthol Regular,menthol,0,regular
L-A419,Camel Crush Menthol Regular,menthol,0,regular
J-C006,Camel Crush Menthol Regular,menthol,0,regular
J-C029,Camel Crush Menthol Regular,menthol,0,regular
J-C099,Camel Crush Menthol Regular,menthol,0,regular
J-C123,Camel Crush Menthol Regular,menthol,0,regular
J-C146,Camel Crush Menthol Regular,menthol,0,regular
J-C156,Camel Crush Menthol Regular,menthol,0,regular
J-C166,Camel Crush Menthol Regular,menthol,0,regular
J-A143,Camel Crush Regular,NA,0,regular
J-A259,Camel Crush Regular,NA,0,regular
J-A294,Camel Crush Regular,NA,0,regular
L-A050,Camel Crush Regular,NA,0,regular
L-A064,Camel Crush Regular,NA,0,regular
L-A475,Camel Crush Regular,NA,0,regular
J-A021,Camel Crush Silver Menthol Regular,menthol,0,regular
J-A249,Camel Crush Silver Menthol Regular,menthol,0,light
J-A261,Camel Crush Silver Menthol Regular,menthol,0,regular
J-C071,Camel Crush Silver Menthol Regular,menthol,0,light
L-A276,Camel Filter 99s,nonmenthol,1,regular
L-A312,Camel Filter 99s,nonmenthol,1,regular
J-A059,Camel Filter Regular,nonmenthol,0,regular
J-A082,Camel Filter Regular,nonmenthol,0,regular
J-A092,Camel Filter Regular,nonmenthol,0,regular
J-A257,Camel Filter Regular,nonmenthol,0,regular
K-A009,Camel Filter Regular,nonmenthol,0,regular
K-A081,Camel Filter Regular,nonmenthol,0,regular
K-A106,Camel Filter Regular,nonmenthol,0,regular
K-A119,Camel Filter Regular,nonmenthol,0,regular
K-A172,Camel Filter Regular,nonmenthol,0,regular
K-A233,Camel Filter Regular,nonmenthol,0,regular
L-A067,Camel Filter Regular,nonmenthol,0,regular
L-A155,Camel Filter Regular,nonmenthol,0,regular
L-A205,Camel Filter Regular,nonmenthol,0,regular
L-A351,Camel Filter Regular,nonmenthol,0,regular
L-A386,Camel Filter Regular,nonmenthol,0,regular
L-A450,Camel Filter Regular,nonmenthol,0,regular
L-B008,Camel Filter Regular,nonmenthol,0,regular
J-A035,Camel Gold Regular,nonmenthol,0,light
J-C117,Camel Menthol Regular,menthol,0,regular
L-A003,Camel Nonfilter Regular,nonmenthol,0,regular
L-A030,Camel Nonfilter Regular,nonmenthol,0,regular
K-A195,Camel Royal Turkish Regular,nonmenthol,0,regular
L-A023,Camel Royal Turkish Regular,nonmenthol,0,regular
L-A036,Camel Royal Turkish Regular,nonmenthol,0,regular
L-A060,Camel Royal Turkish Regular,nonmenthol,0,regular
L-A166,Camel Royal Turkish Regular,nonmenthol,0,regular
L-A392,Camel Royal Turkish Regular,nonmenthol,0,regular
L-A395,Camel Royal Turkish Regular,nonmenthol,0,regular
L-B149,Camel White Menthol Regular,menthol,0,light
K-A008,Camel Wide Regular,nonmenthol,0,regular
K-A018,Camel Wide Regular,nonmenthol,0,regular
K-A059,Camel Wide Regular,nonmenthol,0,regular
K-A108,Camel Wide Regular,nonmenthol,0,regular
K-A120,Camel Wide Regular,nonmenthol,0,regular
K-A121,Camel Wide Regular,nonmenthol,0,regular
L-A259,Camel Wide Regular,nonmenthol,0,regular
J-A088,Camel Wide Regular ,nonmenthol,0,regular
J-C164,Capri Menthol,menthol,,
L-A516,Capri Menthol Indigo 120s,menthol,,light
J-A153,Eagle 20s 100s,nonmenthol,1,regular
L-A134,Eagle 20s Blue Regular,nonmenthol,0,light
J-A049,Fortuna Menthol 100s,menthol,1,regular
K-A122,Fortuna Menthol 100s,menthol,1,regular
J-A025,Fortuna Menthol Regular ,menthol,0,regular
L-A416,Fortuna Menthol Regular ,menthol,0,regular
J-A205,Fortuna Red 100s,nonmenthol,1,regular
L-A466,Fortuna Red Regular,nonmenthol,0,regular
L-A097,Gold Crest Menthol 100s,menthol,1,regular
L-A264,Hand rolled,nonmenthol,,
K-C076,KOOL Menthol Regular,menthol,0,regular
J-A191,L&M Blue Regular,nonmenthol,0,light
J-A076,L&M Menthol 100s,menthol,1,regular
J-A224,L&M Menthol 100s,menthol,1,regular
K-A241,L&M Menthol 100s,menthol,1,regular
L-B189,L&M Menthol 100s,menthol,1,regular
J-A142,L&M Red 100s,nonmenthol,1,regular
L-A244,L&M Red 100s,nonmenthol,1,regular
J-A123,L&M Red Regular,nonmenthol,0,regular
J-A210,L&M Red Regular,nonmenthol,0,regular
J-A264,L&M Red Regular,nonmenthol,0,regular
L-A436,L&M Red Regular,nonmenthol,0,regular
K-A025,Lucky Strike Non-Filter Regular ,nonmenthol,0,regular
L-B013,Lucky Strike Non-Filter Regular ,nonmenthol,0,regular
K-A151,Marlboro 27s Regular,nonmenthol,0,regular
K-A161,Marlboro 27s Regular,nonmenthol,0,regular
L-A075,Marlboro 27s Regular,nonmenthol,0,regular
L-A096,Marlboro 27s Regular,nonmenthol,0,regular
L-A177,Marlboro 27s Regular,nonmenthol,0,regular
L-A268,Marlboro 27s Regular,nonmenthol,0,regular
L-A439,Marlboro 27s Regular,nonmenthol,0,regular
L-A447,Marlboro 27s Regular,nonmenthol,0,regular
L-A504,Marlboro 27s Regular,nonmenthol,0,regular
L-A528,Marlboro 27s Regular,nonmenthol,0,regular
J-A032,Marlboro 83s,nonmenthol,0,regular
K-A006,Marlboro 83s,nonmenthol,0,regular
L-A018,Marlboro 83s,nonmenthol,0,regular
J-A014,Marlboro Black 100s,nonmenthol,1,bold
J-A034,Marlboro Black 100s,nonmenthol,1,bold
J-A038,Marlboro Black 100s,nonmenthol,1,bold
J-A141,Marlboro Black 100s,nonmenthol,1,bold
J-A167,Marlboro Black 100s,nonmenthol,1,bold
J-A185,Marlboro Black 100s,nonmenthol,1,bold
J-A222,Marlboro Black 100s,nonmenthol,1,bold
J-A250,Marlboro Black 100s,nonmenthol,1,bold
K-A065,Marlboro Black 100s,nonmenthol,1,bold
K-A124,Marlboro Black 100s,nonmenthol,1,bold
K-A138,Marlboro Black 100s,nonmenthol,1,bold
K-A144,Marlboro Black 100s,nonmenthol,1,bold
K-A149,Marlboro Black 100s,nonmenthol,1,bold
K-A150,Marlboro Black 100s,nonmenthol,1,bold
K-A202,Marlboro Black 100s,nonmenthol,1,bold
K-A204,Marlboro Black 100s,nonmenthol,1,bold
K-A226,Marlboro Black 100s,nonmenthol,1,bold
K-A232,Marlboro Black 100s,nonmenthol,1,bold
L-A010,Marlboro Black 100s,nonmenthol,1,bold
L-A182,Marlboro Black 100s,nonmenthol,1,bold
L-A473,Marlboro Black 100s,nonmenthol,1,bold
J-A018,Marlboro Black Menthol 100s,menthol,1,bold
J-A070,Marlboro Black Menthol 100s,menthol,1,bold
L-B082,Marlboro Black Menthol 100s,menthol,1,bold
L-B083,Marlboro Black Menthol 100s,menthol,1,bold
K-A086,Marlboro Black Menthol Regular,menthol,0,bold
L-A106,Marlboro Black Menthol Regular,menthol,0,bold
L-A412,Marlboro Black Menthol Regular,menthol,0,bold
J-A086,Marlboro Black Regular,nonmenthol,0,bold
J-A133,Marlboro Black Regular,nonmenthol,0,bold
J-A244,Marlboro Black Regular,nonmenthol,0,bold
J-A279,Marlboro Black Regular,nonmenthol,0,bold
J-A301,Marlboro Black Regular,nonmenthol,0,bold
K-A007,Marlboro Black Regular,nonmenthol,0,bold
K-A030,Marlboro Black Regular,nonmenthol,0,bold
K-A051,Marlboro Black Regular,nonmenthol,0,bold
K-A055,Marlboro Black Regular,nonmenthol,0,bold
K-A116,Marlboro Black Regular,nonmenthol,0,bold
K-A130,Marlboro Black Regular,nonmenthol,0,bold
K-A158,Marlboro Black Regular,nonmenthol,0,bold
K-A267,Marlboro Black Regular,nonmenthol,0,bold
L-A192,Marlboro Black Regular,nonmenthol,0,bold
L-A502,Marlboro Blue Menthol 100s,menthol,0,light
L-B092,Marlboro Blue Menthol 100s,menthol,1,light
L-B049,Marlboro Blue Menthol 72s,menthol,0,light
J-A007,Marlboro Gold 100s,nonmenthol,1,light
J-A134,Marlboro Gold 100s,nonmenthol,1,light
J-A196,Marlboro Gold 100s,nonmenthol,1,light
K-A129,Marlboro Gold 100s,nonmenthol,0,light
L-A156,Marlboro Gold 100s,nonmenthol,1,light
L-A254,Marlboro Gold 100s,nonmenthol,1,light
L-A371,Marlboro Gold 100s,nonmenthol,1,light
L-B060,Marlboro Gold 100s,nonmenthol,1,light
L-A352,Marlboro Gold 27s Regular,nonmenthol,0,light
J-A055,Marlboro Gold Menthol 100s,menthol,1,light
J-A148,Marlboro Gold Menthol 100s,menthol,1,light
L-A092,Marlboro Gold Menthol 100s,menthol,1,light
L-A458,Marlboro Gold Menthol 100s,menthol,1,light
L-B056,Marlboro Gold Menthol 100s,menthol,1,light
J-C031,Marlboro Gold Menthol 100s,menthol,1,light
J-A098,Marlboro Gold Menthol Regular,menthol,0,light
L-A086,Marlboro Gold Menthol Regular,menthol,0,light
J-A004,Marlboro Gold Regular,nonmenthol,0,light
J-A033,Marlboro Gold Regular,nonmenthol,0,light
J-A087,Marlboro Gold Regular,nonmenthol,0,light
J-A113,Marlboro Gold Regular,nonmenthol,0,light
J-A251,Marlboro Gold Regular,nonmenthol,0,light
K-A017,Marlboro Gold Regular,nonmenthol,0,light
K-A101,Marlboro Gold Regular,nonmenthol,0,light
L-A337,Marlboro Gold Regular,nonmenthol,0,light
L-A362,Marlboro Gold Regular,nonmenthol,0,light
L-A515,Marlboro Gold Regular,nonmenthol,0,light
L-B004,Marlboro Gold Regular,nonmenthol,0,light
L-B098,Marlboro Gold Regular,nonmenthol,0,light
J-C016,Marlboro Gold Regular,nonmenthol,0,light
K-C104,Marlboro Gold Regular,nonmenthol,0,light
J-A052,Marlboro Gold Special Select 100s,nonmenthol,1,light
J-C040,Marlboro Gold Special Select 100s,nonmenthol,1,light
J-A280,Marlboro Gold Special Select Regular,nonmenthol,0,light
L-A219,Marlboro Gold Special Select Regular,nonmenthol,0,light
L-A250,Marlboro Gold Special Select Regular,nonmenthol,0,light
J-A232,Marlboro Ice Menthol Regular,menthol,0,regular
J-A017,Marlboro Menthol 100s,menthol,1,regular
J-A226,Marlboro Menthol 100s,menthol,1,regular
J-A235,Marlboro Menthol 100s,menthol,1,regular
K-A061,Marlboro Menthol 100s,menthol,1,regular
K-A067,Marlboro Menthol 100s,menthol,1,regular
K-A083,Marlboro Menthol 100s,menthol,1,regular
K-A228,Marlboro Menthol 100s,menthol,1,regular
K-A245,Marlboro Menthol 100s,menthol,1,regular
L-A011,Marlboro Menthol 100s,menthol,1,regular
L-A079,Marlboro Menthol 100s,menthol,1,regular
L-B046,Marlboro Menthol 100s,menthol,1,regular
L-B123,Marlboro Menthol 100s,menthol,1,regular
K-C013,Marlboro Menthol 100s,menthol,1,regular
J-A015,Marlboro Menthol Regular,menthol,0,regular
J-A041,Marlboro Menthol Regular,menthol,0,regular
J-A047,Marlboro Menthol Regular,menthol,0,regular
K-A060,Marlboro Menthol Regular,menthol,0,regular
K-A127,Marlboro Menthol Regular,menthol,0,regular
K-A218,Marlboro Menthol Regular,menthol,0,regular
L-A307,Marlboro Menthol Regular,menthol,0,regular
L-A330,Marlboro Menthol Regular,menthol,0,regular
L-A404,Marlboro Menthol Regular,menthol,0,regular
L-B166,Marlboro Menthol Regular,menthol,0,regular
L-B183,Marlboro Menthol Regular,menthol,0,regular
L-B195,Marlboro Menthol Regular,menthol,0,regular
J-C022,Marlboro Menthol Regular,menthol,0,regular
J-C055,Marlboro Menthol Regular,menthol,0,regular
L-A049,Marlboro Midnight Regular,menthol,0,bold
J-A127,Marlboro NXT Regular,NA,0,regular
L-A227,Marlboro NXT Regular,NA,0,regular
J-A003,Marlboro Red 100s,nonmenthol,1,regular
J-A026,Marlboro Red 100s,nonmenthol,1,regular
J-A061,Marlboro Red 100s,nonmenthol,1,regular
J-A096,Marlboro Red 100s,nonmenthol,1,regular
J-A108,Marlboro Red 100s,nonmenthol,1,regular
J-A179,Marlboro Red 100s,nonmenthol,1,regular
J-A197,Marlboro Red 100s,nonmenthol,1,regular
K-A019,Marlboro Red 100s,nonmenthol,1,regular
K-A020,Marlboro Red 100s,nonmenthol,1,regular
K-A026,Marlboro Red 100s,nonmenthol,1,regular
K-A048,Marlboro Red 100s,nonmenthol,1,regular
K-A054,Marlboro Red 100s,nonmenthol,1,regular
K-A070,Marlboro Red 100s,nonmenthol,1,regular
K-A072,Marlboro Red 100s,nonmenthol,1,regular
K-A075,Marlboro Red 100s,nonmenthol,1,regular
K-A117,Marlboro Red 100s,nonmenthol,1,regular
K-A118,Marlboro Red 100s,nonmenthol,1,regular
K-A140,Marlboro Red 100s,nonmenthol,1,regular
K-A157,Marlboro Red 100s,nonmenthol,1,regular
K-A179,Marlboro Red 100s,nonmenthol,1,regular
K-A181,Marlboro Red 100s,nonmenthol,1,regular
K-A198,Marlboro Red 100s,nonmenthol,1,regular
K-A208,Marlboro Red 100s,nonmenthol,1,regular
K-A256,Marlboro Red 100s,nonmenthol,1,regular
K-A266,Marlboro Red 100s,nonmenthol,1,regular
L-A074,Marlboro Red 100s,nonmenthol,1,regular
L-A077,Marlboro Red 100s,nonmenthol,1,regular
L-A118,Marlboro Red 100s,nonmenthol,1,regular
L-A174,Marlboro Red 100s,nonmenthol,1,regular
L-A212,Marlboro Red 100s,nonmenthol,1,regular
L-A435,Marlboro Red 100s,nonmenthol,1,regular
L-A499,Marlboro Red 100s,nonmenthol,1,regular
L-B001,Marlboro Red 100s,nonmenthol,0,regular
L-B018,Marlboro Red 100s,nonmenthol,1,regular
L-B022,Marlboro Red 100s,nonmenthol,1,regular
L-B080,Marlboro Red 100s,nonmenthol,1,regular
L-B112,Marlboro Red 100s,nonmenthol,1,regular
L-B136,Marlboro Red 100s,nonmenthol,0,regular
L-B174,Marlboro Red 100s,nonmenthol,1,regular
J-A016,Marlboro Red 72s,nonmenthol,0,regular
K-A005,Marlboro Red 72s,nonmenthol,0,regular
K-A082,Marlboro Red 72s,nonmenthol,0,regular
K-A090,Marlboro Red 72s,nonmenthol,0,regular
K-A029,Marlboro Red Label 100s,nonmenthol,1,regular
K-A066,Marlboro Red Label 100s,nonmenthol,1,regular
J-A208,Marlboro Red Label Regular,nonmenthol,0,regular
K-A049,Marlboro Red Label Regular,nonmenthol,0,regular
J-A002,Marlboro Red Regular,nonmenthol,0,regular
J-A010,Marlboro Red Regular,nonmenthol,0,regular
J-A020,Marlboro Red Regular,nonmenthol,0,regular
J-A023,Marlboro Red Regular,nonmenthol,0,regular
J-A030,Marlboro Red Regular,nonmenthol,0,regular
J-A042,Marlboro Red Regular,nonmenthol,0,regular
J-A045,Marlboro Red Regular,nonmenthol,0,regular
J-A056,Marlboro Red Regular,nonmenthol,0,regular
J-A090,Marlboro Red Regular,nonmenthol,0,regular
J-A095,Marlboro Red Regular,nonmenthol,0,regular
J-A097,Marlboro Red Regular,nonmenthol,0,regular
J-A103,Marlboro Red Regular,nonmenthol,0,regular
J-A105,Marlboro Red Regular,nonmenthol,0,regular
J-A110,Marlboro Red Regular,nonmenthol,0,regular
J-A111,Marlboro Red Regular,nonmenthol,0,regular
J-A130,Marlboro Red Regular,nonmenthol,0,regular
J-A168,Marlboro Red Regular,nonmenthol,0,regular
J-A182,Marlboro Red Regular,nonmenthol,0,regular
J-A189,Marlboro Red Regular,nonmenthol,0,regular
J-A203,Marlboro Red Regular,nonmenthol,0,regular
J-A219,Marlboro Red Regular,nonmenthol,0,regular
J-A223,Marlboro Red Regular,nonmenthol,0,regular
J-A229,Marlboro Red Regular,nonmenthol,0,regular
K-A001,Marlboro Red Regular,nonmenthol,0,regular
K-A011,Marlboro Red Regular,nonmenthol,0,regular
K-A015,Marlboro Red Regular,nonmenthol,0,regular
K-A035,Marlboro Red Regular,nonmenthol,0,regular
K-A037,Marlboro Red Regular,nonmenthol,0,regular
K-A043,Marlboro Red Regular,nonmenthol,0,regular
K-A045,Marlboro Red Regular,nonmenthol,0,regular
K-A050,Marlboro Red Regular,nonmenthol,0,regular
K-A058,Marlboro Red Regular,nonmenthol,0,regular
K-A069,Marlboro Red Regular,nonmenthol,0,regular
K-A076,Marlboro Red Regular,nonmenthol,0,regular
K-A079,Marlboro Red Regular,nonmenthol,0,regular
K-A091,Marlboro Red Regular,nonmenthol,0,regular
K-A099,Marlboro Red Regular,nonmenthol,0,regular
K-A100,Marlboro Red Regular,nonmenthol,0,regular
K-A102,Marlboro Red Regular,nonmenthol,0,regular
K-A128,Marlboro Red Regular,nonmenthol,0,regular
K-A133,Marlboro Red Regular,nonmenthol,0,regular
K-A135,Marlboro Red Regular,nonmenthol,0,regular
K-A139,Marlboro Red Regular,nonmenthol,0,regular
K-A141,Marlboro Red Regular,nonmenthol,0,regular
K-A142,Marlboro Red Regular,nonmenthol,0,regular
K-A147,Marlboro Red Regular,nonmenthol,0,regular
K-A155,Marlboro Red Regular,nonmenthol,0,regular
K-A156,Marlboro Red Regular,nonmenthol,0,regular
K-A165,Marlboro Red Regular,nonmenthol,0,regular
K-A166,Marlboro Red Regular,nonmenthol,0,regular
K-A169,Marlboro Red Regular,nonmenthol,0,regular
K-A176,Marlboro Red Regular,nonmenthol,0,regular
K-A197,Marlboro Red Regular,nonmenthol,0,regular
K-A207,Marlboro Red Regular,nonmenthol,0,regular
K-A223,Marlboro Red Regular,nonmenthol,0,regular
K-A227,Marlboro Red Regular,nonmenthol,0,regular
K-A239,Marlboro Red Regular,nonmenthol,0,regular
K-A240,Marlboro Red Regular,nonmenthol,0,regular
K-A242,Marlboro Red Regular,nonmenthol,0,regular
K-A243,Marlboro Red Regular,nonmenthol,0,regular
K-A251,Marlboro Red Regular,nonmenthol,0,regular
L-A001,Marlboro Red Regular,nonmenthol,0,regular
L-A012,Marlboro Red Regular,nonmenthol,0,regular
L-A021,Marlboro Red Regular,nonmenthol,0,regular
L-A124,Marlboro Red Regular,nonmenthol,0,regular
L-A126,Marlboro Red Regular,nonmenthol,0,regular
L-A128,Marlboro Red Regular,nonmenthol,0,regular
L-A235,Marlboro Red Regular,nonmenthol,0,regular
L-A308,Marlboro Red Regular,nonmenthol,0,regular
L-A311,Marlboro Red Regular,nonmenthol,0,regular
L-A336,Marlboro Red Regular,nonmenthol,0,regular
L-A418,Marlboro Red Regular,nonmenthol,0,regular
L-A497,Marlboro Red Regular,nonmenthol,0,regular
L-A512,Marlboro Red Regular,nonmenthol,0,regular
L-B015,Marlboro Red Regular,nonmenthol,0,regular
L-B040,Marlboro Red Regular,nonmenthol,0,regular
J-C060,Marlboro Red Regular,nonmenthol,1,regular
K-C074,Marlboro Red Regular,nonmenthol,0,regular
J-A188,Marlboro Red Special Select 100s,nonmenthol,1,regular
J-A245,Marlboro Red Special Select 100s,nonmenthol,1,regular
J-A278,Marlboro Red Special Select 100s,nonmenthol,1,regular
K-A080,Marlboro Red Special Select 100s,nonmenthol,1,regular
L-A256,Marlboro Red Special Select 100s,nonmenthol,1,regular
L-A327,Marlboro Red Special Select 100s,nonmenthol,1,regular
L-B010,Marlboro Red Special Select 100s,nonmenthol,1,regular
K-C026,Marlboro Red Special Select 100s,nonmenthol,1,regular
J-A289,Marlboro Red Special Select Regular,nonmenthol,0,regular
K-A014,Marlboro Red Special Select Regular,nonmenthol,0,regular
K-A023,Marlboro Red Special Select Regular,nonmenthol,0,regular
K-A259,Marlboro Red Special Select Regular,nonmenthol,0,regular
L-A438,Marlboro Red Special Select Regular,nonmenthol,0,regular
L-A303,Marlboro Regular 100s,nonmenthol,1,regular
L-B156,Marlboro Silver 100s,nonmenthol,1,ultra light
J-C048,Marlboro Silver 100s,nonmenthol,1,ultra light
J-C149,Marlboro Silver 100s,nonmenthol,1,ultra light
J-C100,Marlboro Silver 72s,nonmenthol,0,ultra light
K-A184,Marlboro Silver Menthol Regular,menthol,0,ultra light
J-A080,Marlboro Silver Regular,nonmenthol,0,ultra light
L-A090,Marlboro Silver Regular,nonmenthol,0,ultra light
L-A471,Marlboro Silver Regular,nonmenthol,0,ultra light
L-A239,Marlboro Slate 100s,menthol,1,bold
L-A138,Marlboro Slate Menthol 100s,menthol,1,bold
J-A091,Marlboro Smooth 100s,menthol,1,regular
J-A177,Marlboro Smooth Menthol 100s,menthol,1,regular
J-A263,Marlboro Smooth Menthol 100s,menthol,1,regular
L-B115,Marlboro Smooth Menthol 100s,menthol,1,regular
J-A199,Marlboro Smooth Menthol Regular,menthol,0,regular
J-A202,Marlboro Smooth Menthol Regular,menthol,0,regular
J-A214,Marlboro Smooth Menthol Regular,menthol,0,regular
L-A420,Marlboro Smooth Regular,menthol,0,regular
L-A526,Marlboro Smooth Regular,menthol,0,regular
J-A050,Marlboro Southern Cuts Regular,nonmenthol,0,regular
J-A128,Marlboro Southern Cuts Regular,nonmenthol,0,regular
L-A333,Marlboro Southern Cuts Regular,nonmenthol,0,regular
J-C161,Maverick Gold 100s,nonmenthol,1,light
L-A213,Maverick Menthol 100s,menthol,1,regular
L-B005,Maverick Menthol 100s,menthol,1,regular
L-B057,Maverick Menthol 100s,menthol,1,regular
L-B159,Maverick Menthol 100s,menthol,1,regular
L-B185,Maverick Menthol 100s,menthol,1,regular
L-B190,Maverick Menthol 100s,menthol,1,regular
L-B198,Maverick Menthol 100s,menthol,1,regular
J-C008,Maverick Menthol 100s,menthol,1,regular
J-C018,Maverick Menthol 100s,menthol,1,regular
J-C024,Maverick Menthol 100s,menthol,1,regular
J-C026,Maverick Menthol 100s,menthol,1,regular
J-C030,Maverick Menthol 100s,menthol,1,regular
J-C122,Maverick Menthol 100s,menthol,1,regular
J-C132,Maverick Menthol 100s,menthol,1,regular
J-C159,Maverick Menthol 100s,menthol,1,regular
K-C005,Maverick Menthol 100s,menthol,1,regular
K-C010,Maverick Menthol 100s,menthol,1,regular
K-C018,Maverick Menthol 100s,menthol,1,regular
K-C024,Maverick Menthol 100s,menthol,1,regular
K-C053,Maverick Menthol 100s,menthol,1,regular
K-C061,Maverick Menthol 100s,menthol,1,regular
K-C068,Maverick Menthol 100s,menthol,1,regular
K-C082,Maverick Menthol 100s,menthol,1,regular
K-C088,Maverick Menthol 100s,menthol,1,regular
K-C096,Maverick Menthol 100s,menthol,1,regular
K-C102,Maverick Menthol 100s,menthol,1,regular
J-C091,Maverick Menthol Regular,menthol,0,regular
J-C133,Maverick Menthol Regular,menthol,0,regular
L-B179,Maverick Red Regular,nonmenthol,0,regular
K-C050,Maverick Red Regular,nonmenthol,0,regular
L-B097,Montclair Blue 100s,nonmenthol,1,regular
L-B125,Newport Gold 100s,nonmenthol,1,light
K-A190,Newport Gold Regular,nonmenthol,0,light
J-A011,Newport Menthol 100s,menthol,1,regular
J-A031,Newport Menthol 100s,menthol,1,regular
J-A060,Newport Menthol 100s,menthol,1,regular
J-A072,Newport Menthol 100s,menthol,1,regular
J-A102,Newport Menthol 100s,menthol,1,regular
J-A169,Newport Menthol 100s,menthol,1,regular
J-A211,Newport Menthol 100s,menthol,1,regular
J-A243,Newport Menthol 100s,menthol,1,regular
J-A275,Newport Menthol 100s,menthol,1,regular
J-A298,Newport Menthol 100s,menthol,1,regular
K-A003,Newport Menthol 100s,menthol,1,regular
K-A047,Newport Menthol 100s,menthol,1,regular
K-A092,Newport Menthol 100s,menthol,1,regular
K-A109,Newport Menthol 100s,menthol,1,regular
K-A113,Newport Menthol 100s,menthol,1,regular
K-A148,Newport Menthol 100s,menthol,1,regular
K-A171,Newport Menthol 100s,menthol,1,regular
K-A215,Newport Menthol 100s,menthol,1,regular
K-A237,Newport Menthol 100s,menthol,1,regular
K-A247,Newport Menthol 100s,menthol,1,regular
K-A271,Newport Menthol 100s,menthol,1,regular
L-A058,Newport Menthol 100s,menthol,1,regular
L-A269,Newport Menthol 100s,menthol,1,regular
L-A294,Newport Menthol 100s,menthol,1,regular
L-A380,Newport Menthol 100s,menthol,1,regular
L-A491,Newport Menthol 100s,menthol,1,regular
L-A493,Newport Menthol 100s,menthol,1,regular
L-B002,Newport Menthol 100s,menthol,1,regular
L-B017,Newport Menthol 100s,menthol,1,regular
L-B029,Newport Menthol 100s,menthol,1,regular
L-B038,Newport Menthol 100s,menthol,1,regular
L-B042,Newport Menthol 100s,menthol,1,regular
L-B045,Newport Menthol 100s,menthol,1,regular
L-B055,Newport Menthol 100s,menthol,1,regular
L-B066,Newport Menthol 100s,menthol,1,regular
L-B069,Newport Menthol 100s,menthol,1,regular
L-B091,Newport Menthol 100s,menthol,1,regular
L-B113,Newport Menthol 100s,menthol,1,regular
L-B114,Newport Menthol 100s,menthol,1,regular
L-B116,Newport Menthol 100s,menthol,1,regular
L-B119,Newport Menthol 100s,menthol,1,regular
L-B120,Newport Menthol 100s,menthol,1,regular
L-B122,Newport Menthol 100s,menthol,1,regular
L-B128,Newport Menthol 100s,menthol,1,regular
L-B137,Newport Menthol 100s,menthol,1,regular
L-B140,Newport Menthol 100s,menthol,1,regular
L-B141,Newport Menthol 100s,menthol,1,regular
L-B144,Newport Menthol 100s,menthol,1,regular
L-B153,Newport Menthol 100s,menthol,1,regular
L-B158,Newport Menthol 100s,menthol,1,regular
L-B160,Newport Menthol 100s,menthol,1,regular
L-B163,Newport Menthol 100s,menthol,1,regular
L-B178,Newport Menthol 100s,menthol,1,regular
L-B187,Newport Menthol 100s,menthol,1,regular
L-B193,Newport Menthol 100s,menthol,1,regular
L-B194,Newport Menthol 100s,menthol,1,regular
L-B197,Newport Menthol 100s,menthol,1,regular
J-C001,Newport Menthol 100s,menthol,1,regular
J-C003,Newport Menthol 100s,menthol,1,regular
J-C004,Newport Menthol 100s,menthol,1,regular
J-C009,Newport Menthol 100s,menthol,1,regular
J-C023,Newport Menthol 100s,menthol,1,regular
J-C028,Newport Menthol 100s,menthol,1,regular
J-C032,Newport Menthol 100s,menthol,1,regular
J-C033,Newport Menthol 100s,menthol,1,regular
J-C042,Newport Menthol 100s,menthol,1,regular
J-C045,Newport Menthol 100s,menthol,1,regular
J-C046,Newport Menthol 100s,menthol,1,regular
J-C047,Newport Menthol 100s,menthol,1,regular
J-C050,Newport Menthol 100s,menthol,1,regular
J-C057,Newport Menthol 100s,menthol,1,regular
J-C059,Newport Menthol 100s,menthol,1,regular
J-C063,Newport Menthol 100s,menthol,1,regular
J-C065,Newport Menthol 100s,menthol,1,regular
J-C069,Newport Menthol 100s,menthol,1,regular
J-C079,Newport Menthol 100s,menthol,1,regular
J-C080,Newport Menthol 100s,menthol,1,regular
J-C090,Newport Menthol 100s,menthol,1,regular
J-C096,Newport Menthol 100s,menthol,1,regular
J-C105,Newport Menthol 100s,menthol,1,regular
J-C108,Newport Menthol 100s,menthol,1,regular
J-C114,Newport Menthol 100s,menthol,1,regular
J-C115,Newport Menthol 100s,menthol,1,regular
J-C120,Newport Menthol 100s,menthol,1,regular
J-C124,Newport Menthol 100s,menthol,1,regular
J-C126,Newport Menthol 100s,menthol,1,regular
J-C134,Newport Menthol 100s,menthol,1,regular
J-C135,Newport Menthol 100s,menthol,1,regular
J-C136,Newport Menthol 100s,menthol,1,regular
J-C142,Newport Menthol 100s,menthol,1,regular
J-C143,Newport Menthol 100s,menthol,1,regular
J-C144,Newport Menthol 100s,menthol,1,regular
J-C152,Newport Menthol 100s,menthol,1,regular
J-C153,Newport Menthol 100s,menthol,1,regular
J-C162,Newport Menthol 100s,menthol,1,regular
J-C163,Newport Menthol 100s,menthol,1,regular
K-C002,Newport Menthol 100s,menthol,1,regular
K-C007,Newport Menthol 100s,menthol,1,regular
K-C009,Newport Menthol 100s,menthol,1,regular
K-C011,Newport Menthol 100s,menthol,1,regular
K-C012,Newport Menthol 100s,menthol,1,regular
K-C015,Newport Menthol 100s,menthol,1,regular
K-C016,Newport Menthol 100s,menthol,1,regular
K-C020,Newport Menthol 100s,menthol,1,regular
K-C021,Newport Menthol 100s,menthol,1,regular
K-C023,Newport Menthol 100s,menthol,1,regular
K-C025,Newport Menthol 100s,menthol,1,regular
K-C027,Newport Menthol 100s,menthol,1,regular
K-C028,Newport Menthol 100s,menthol,1,regular
K-C029,Newport Menthol 100s,menthol,1,regular
K-C031,Newport Menthol 100s,menthol,1,regular
K-C032,Newport Menthol 100s,menthol,1,regular
K-C033,Newport Menthol 100s,menthol,1,regular
K-C034,Newport Menthol 100s,menthol,1,regular
K-C035,Newport Menthol 100s,menthol,1,regular
K-C038,Newport Menthol 100s,menthol,1,regular
K-C039,Newport Menthol 100s,menthol,1,regular
K-C041,Newport Menthol 100s,menthol,1,regular
K-C043,Newport Menthol 100s,menthol,1,regular
K-C044,Newport Menthol 100s,menthol,1,regular
K-C045,Newport Menthol 100s,menthol,1,regular
K-C046,Newport Menthol 100s,menthol,1,regular
K-C051,Newport Menthol 100s,menthol,1,regular
K-C052,Newport Menthol 100s,menthol,1,regular
K-C054,Newport Menthol 100s,menthol,1,regular
K-C056,Newport Menthol 100s,menthol,1,regular
K-C058,Newport Menthol 100s,menthol,1,regular
K-C059,Newport Menthol 100s,menthol,1,regular
K-C060,Newport Menthol 100s,menthol,1,regular
K-C062,Newport Menthol 100s,menthol,1,regular
K-C065,Newport Menthol 100s,menthol,1,regular
K-C066,Newport Menthol 100s,menthol,1,regular
K-C067,Newport Menthol 100s,menthol,1,regular
K-C069,Newport Menthol 100s,menthol,1,regular
K-C071,Newport Menthol 100s,menthol,1,regular
K-C072,Newport Menthol 100s,menthol,1,regular
K-C077,Newport Menthol 100s,menthol,1,regular
K-C078,Newport Menthol 100s,menthol,1,regular
K-C080,Newport Menthol 100s,menthol,1,regular
K-C083,Newport Menthol 100s,menthol,1,regular
K-C086,Newport Menthol 100s,menthol,1,regular
K-C087,Newport Menthol 100s,menthol,1,regular
K-C091,Newport Menthol 100s,menthol,1,regular
K-C092,Newport Menthol 100s,menthol,1,regular
K-C093,Newport Menthol 100s,menthol,1,regular
K-C094,Newport Menthol 100s,menthol,1,regular
K-C095,Newport Menthol 100s,menthol,1,regular
K-C098,Newport Menthol 100s,menthol,1,regular
K-C100,Newport Menthol 100s,menthol,1,regular
K-C101,Newport Menthol 100s,menthol,1,regular
K-C103,Newport Menthol 100s,menthol,1,regular
K-C105,Newport Menthol 100s,menthol,1,regular
K-C106,Newport Menthol 100s,menthol,1,regular
K-C107,Newport Menthol 100s,menthol,1,regular
K-A036,Newport Menthol Regular,menthol,0,regular
K-A163,Newport Menthol Regular,menthol,0,regular
K-A164,Newport Menthol Regular,menthol,0,regular
K-A200,Newport Menthol Regular,menthol,0,regular
K-A231,Newport Menthol Regular,menthol,0,regular
K-A249,Newport Menthol Regular,menthol,0,regular
K-A268,Newport Menthol Regular,menthol,0,regular
L-A019,Newport Menthol Regular,menthol,0,regular
L-A314,Newport Menthol Regular,menthol,0,regular
L-A519,Newport Menthol Regular,menthol,0,regular
L-B030,Newport Menthol Regular,menthol,0,regular
L-B054,Newport Menthol Regular,menthol,0,regular
L-B134,Newport Menthol Regular,menthol,0,regular
L-B175,Newport Menthol Regular,menthol,0,regular
L-B176,Newport Menthol Regular,menthol,0,regular
L-B181,Newport Menthol Regular,menthol,0,regular
L-B199,Newport Menthol Regular,menthol,0,regular
J-C073,Newport Menthol Regular,menthol,0,regular
J-C081,Newport Menthol Regular,menthol,0,regular
J-C088,Newport Menthol Regular,menthol,0,regular
J-C112,Newport Menthol Regular,menthol,0,regular
J-C140,Newport Menthol Regular,menthol,0,regular
J-C151,Newport Menthol Regular,menthol,0,regular
J-C154,Newport Menthol Regular,menthol,0,regular
K-C008,Newport Menthol Regular,menthol,0,regular
K-C014,Newport Menthol Regular,menthol,0,regular
K-C048,Newport Menthol Regular,menthol,0,regular
K-C073,Newport Menthol Regular,menthol,0,regular
J-C039,Newport Menthols 100s,menthol,1,regular
K-C006,Newport Menthols 100s,menthol,1,regular
K-A180,Newport Platinum Menthol Regular,menthol,0,light
J-A071,Newport Red 100s,nonmenthol,1,regular
J-A140,Newport Red 100s,nonmenthol,1,regular
J-A173,Newport Red 100s,nonmenthol,1,regular
J-A296,Newport Red 100s,nonmenthol,1,regular
K-A021,Newport Red 100s,nonmenthol,1,regular
K-A145,Newport Red 100s,nonmenthol,1,regular
K-A152,Newport Red 100s,nonmenthol,1,regular
K-A188,Newport Red 100s,nonmenthol,1,regular
K-A211,Newport Red 100s,nonmenthol,1,regular
K-A248,Newport Red 100s,nonmenthol,1,regular
K-A270,Newport Red 100s,nonmenthol,1,regular
L-A281,Newport Red 100s,nonmenthol,1,regular
L-A316,Newport Red 100s,nonmenthol,1,regular
L-A325,Newport Red 100s,nonmenthol,1,regular
L-B077,Newport Red 100s,menthol,1,regular
L-B084,Newport Red 100s,menthol,1,regular
J-C041,Newport Red 100s,nonmenthol,1,regular
J-C145,Newport Red 100s,nonmenthol,1,regular
K-C047,Newport Red 100s,nonmenthol,1,regular
J-A067,Newport Red Regular,nonmenthol,0,regular
K-A022,Newport Red Regular,nonmenthol,0,regular
K-A071,Newport Red Regular,nonmenthol,0,regular
K-A260,Newport Red Regular,nonmenthol,0,regular
K-A264,Newport Red Regular,nonmenthol,0,regular
L-A014,Newport Red Regular,nonmenthol,0,regular
L-B063,Newport Red Regular,nonmenthol,0,regular
K-C057,Newport Red Regular,nonmenthol,0,regular
L-B009,Newport Smooth Select Menthol 100s,menthol,1,regular
J-A228,Pall Mall Blue Nanoking,nonmenthol,0,light
K-A206,Pall Mall Menthol 100s,menthol,1,regular
L-A007,Pall Mall Menthol 100s,menthol,1,regular
L-A020,Pall Mall Menthol 100s,menthol,1,regular
L-A169,Pall Mall Menthol 100s,menthol,1,regular
L-A506,Pall Mall Menthol 100s,menthol,1,regular
L-B131,Pall Mall Menthol 100s,menthol,1,regular
L-B143,Pall Mall Menthol 100s,menthol,1,regular
J-C038,Pall Mall Menthol 100s,menthol,1,regular
L-B100,Pall Mall Menthol Nanoking,menthol,0,regular
L-A243,Pall Mall Menthol Regular,menthol,0,regular
J-A073,Pall Mall Red 100s,nonmenthol,1,regular
K-A103,Pall Mall Red 100s,nonmenthol,1,regular
K-A182,Pall Mall Red 100s,nonmenthol,1,regular
K-A225,Pall Mall Red 100s,nonmenthol,1,regular
L-A359,Pall Mall Red 100s,nonmenthol,1,regular
L-B089,Pall Mall Red 100s,nonmenthol,1,regular
L-B124,Pall Mall Red 100s,nonmenthol,1,regular
L-B146,Pall Mall Red 100s,nonmenthol,1,regular
L-B168,Pall Mall Red 100s,menthol,1,regular
L-B171,Pall Mall Red 100s,nonmenthol,1,regular
J-C010,Pall Mall Red 100s,nonmenthol,1,regular
L-A255,Pall Mall Red Nanokings,nonmenthol,0,regular
J-A048,Pall Mall Red Regular,nonmenthol,0,regular
K-A013,Pall Mall Red Regular,nonmenthol,0,regular
K-A216,Pall Mall Red Regular,nonmenthol,0,regular
L-A279,Pall Mall Red Regular,nonmenthol,0,regular
J-A062,Parliament 100s,nonmenthol,1,regular
K-A016,Parliament White Regular,nonmenthol,0,light
L-A501,Parliament White Regular,nonmenthol,0,light
L-A191,Piel Roja rolling tobacco,nonmenthol,,
J-A221,Pyramid Blue 100s,nonmenthol,1,light
L-A181,Pyramid Red 100s,nonmenthol,1,regular
K-A186,Reservation American Blend Regular,nonmenthol,0,regular
J-A068,Reservation Crown Full Flavor King,nonmenthol,0,regular
J-A078,Reservation Crown Full Flavor King,nonmenthol,0,regular
L-A027,Reservation Crown Light 100s,nonmenthol,1,light
J-A209,Reservation Crown Menthol King,menthol,0,regular
J-A057,Reservation Rollies 100s,nonmenthol,1,regular
L-A231,Reservation Rollies 100s,nonmenthol,1,regular
L-A145,Reservation Rollies Light 100s,nonmenthol,0,light
L-A510,Reservation Rollies Light Menthol Regular,menthol,0,light
L-A195,Reservation Rollies Light Regular,nonmenthol,0,light
L-A354,Reservation Rollies Light Regular,nonmenthol,0,light
J-A241,Reservation Rollies Menthol 100s,menthol,1,regular
L-A054,Reservation Rollies Menthol Regular,menthol,0,regular
J-A001,Reservation Rollies Regular,nonmenthol,0,regular
J-A135,Reservation Rollies Regular,nonmenthol,0,regular
J-A144,Reservation Rollies Regular,nonmenthol,0,regular
J-A147,Reservation Rollies Regular,nonmenthol,0,regular
J-A175,Reservation Rollies Regular,nonmenthol,0,regular
J-A201,Reservation Rollies Regular,nonmenthol,0,regular
J-A204,Reservation Rollies Regular,nonmenthol,0,regular
J-A236,Reservation Rollies Regular,nonmenthol,0,regular
J-A253,Reservation Rollies Regular,nonmenthol,0,regular
L-A108,Reservation Rollies Regular,menthol,0,regular
L-A262,Reservation Rollies Regular,nonmenthol,0,regular
L-A396,Reservation Rollies Regular,nonmenthol,0,regular
J-A174,Reservation Wyatt Light 100s,nonmenthol,1,light
J-A274,Reservation Wyatt Light Menthol Regular,menthol,0,light
L-A246,Reservation Wyatt Light Regular,nonmenthol,0,light
J-A165,Reservation Wyatt Menthol 100s,menthol,1,regular
J-A029,Reservation Wyatt Regular,nonmenthol,0,regular
J-A163,Reservation Wyatt Regular,nonmenthol,0,regular
K-A107,roll your own OHM,nonmenthol,,
J-A101,Seneca Medium 100s,nonmenthol,1,regular
J-A176,Shield Silver Menthol 100s,menthol,1,light
K-A098,Signal Full Flavor Regular,nonmenthol,0,regular
K-A213,Signal Menthol Max Regular,menthol,0,regular
L-A428,Sonoma Menthol Light Regular,menthol,0,light
K-A110,Sonoma Menthol Regular,menthol,0,regular
K-A263,USA Gold 100s,nonmenthol,1,regular
J-A138,USA Gold Menthol 100s ,menthol,1,light
J-A297,USA Gold Red 100s,nonmenthol,1,regular
L-B147,Winston 100s,nonmenthol,1,regular